"","Gene","Tissue","Cell.type","Level","Expression.type","Reliability","Canc.Level.50","Canc.Level.75","Canc.Level.90","Canc.Level.100"
"198","ENSG00000000419","liver","bile duct cells","Low","APE","Uncertain","High","High","High","High"
"675","ENSG00000001084","liver","bile duct cells","Low","APE","Supportive","High","High","High","High"
"1960","ENSG00000002746","liver","bile duct cells","Low","APE","Uncertain","High","High","High","High"
"2280","ENSG00000002933","liver","bile duct cells","Low","APE","Uncertain","High","High","High","High"
"3549","ENSG00000004455","liver","bile duct cells","Low","APE","Supportive","High","High","High","High"
"3791","ENSG00000004487","liver","bile duct cells","High","APE","Supportive","Low","Low","Low","Low"
"6104","ENSG00000005175","liver","bile duct cells","Low","APE","Supportive","High","High","High","High"
"10266","ENSG00000006530","liver","bile duct cells","Low","APE","Supportive","High","High","High","High"
"10989","ENSG00000006695","liver","bile duct cells","Low","APE","Supportive","High","High","High","High"
"11547","ENSG00000006756","liver","bile duct cells","Low","APE","Supportive","High","High","High","High"
"12261","ENSG00000007129","liver","bile duct cells","Low","APE","Uncertain","High","High","High","High"
"15039","ENSG00000008196","liver","bile duct cells","Low","APE","Uncertain","High","High","High","High"
"15670","ENSG00000008300","liver","bile duct cells","Low","APE","Uncertain","High","High","High","High"
"16065","ENSG00000008394","liver","bile duct cells","Low","APE","Uncertain","High","High","High","High"
"16458","ENSG00000008517","liver","bile duct cells","Low","APE","Supportive","High","High","High","High"
"17174","ENSG00000009335","liver","bile duct cells","Low","APE","Uncertain","High","High","High","High"
"18289","ENSG00000010219","liver","bile duct cells","Low","APE","Uncertain","High","High","High","High"
"21709","ENSG00000011405","liver","bile duct cells","Low","APE","Uncertain","High","High","High","High"
"22191","ENSG00000011485","liver","bile duct cells","Low","APE","Supportive","High","High","High","High"
"22270","ENSG00000011523","liver","bile duct cells","Low","APE","Supportive","High","High","High","High"
"25937","ENSG00000014824","liver","bile duct cells","Low","APE","Uncertain","High","High","High","High"
"26177","ENSG00000015133","liver","bile duct cells","Low","APE","Uncertain","High","High","High","High"
"31062","ENSG00000022840","liver","bile duct cells","Low","APE","Uncertain","High","High","High","High"
"32729","ENSG00000025293","liver","bile duct cells","Low","APE","Uncertain","High","High","High","High"
"37863","ENSG00000035141","liver","bile duct cells","Low","APE","Supportive","High","High","High","High"
"38502","ENSG00000036054","liver","bile duct cells","Low","APE","Supportive","High","High","High","High"
"42087","ENSG00000041802","liver","bile duct cells","Low","APE","Supportive","High","High","High","High"
"44421","ENSG00000047056","liver","bile duct cells","High","APE","Supportive","Low","Low","Low","Low"
"46741","ENSG00000048544","liver","bile duct cells","Low","APE","Supportive","High","High","High","High"
"51023","ENSG00000053108","liver","bile duct cells","Low","APE","Uncertain","High","High","High","High"
"51820","ENSG00000053900","liver","bile duct cells","Low","APE","Uncertain","High","High","High","High"
"51903","ENSG00000053918","liver","bile duct cells","High","APE","Supportive","Low","Low","Low","Low"
"53245","ENSG00000054938","liver","bile duct cells","Low","APE","Uncertain","High","High","High","High"
"55864","ENSG00000057593","liver","bile duct cells","Low","APE","Uncertain","High","High","High","High"
"55945","ENSG00000057608","liver","bile duct cells","Low","APE","Uncertain","High","High","High","High"
"56101","ENSG00000057663","liver","bile duct cells","Low","APE","Supportive","High","High","High","High"
"58306","ENSG00000059769","liver","bile duct cells","Low","APE","Uncertain","High","High","High","High"
"61406","ENSG00000062650","liver","bile duct cells","Low","APE","Supportive","High","High","High","High"
"62992","ENSG00000064012","liver","bile duct cells","Low","APE","Uncertain","High","High","High","High"
"63470","ENSG00000064201","liver","bile duct cells","Low","APE","Uncertain","High","High","High","High"
"66648","ENSG00000065268","liver","bile duct cells","Low","APE","Uncertain","High","High","High","High"
"67439","ENSG00000065457","liver","bile duct cells","Low","APE","Uncertain","High","High","High","High"
"73228","ENSG00000067369","liver","bile duct cells","Low","APE","Supportive","High","High","High","High"
"79056","ENSG00000069956","liver","bile duct cells","Low","APE","Supportive","High","High","High","High"
"81437","ENSG00000070718","liver","bile duct cells","Low","APE","Supportive","High","High","High","High"
"81751","ENSG00000070756","liver","bile duct cells","Low","APE","Supportive","High","High","High","High"
"82883","ENSG00000071051","liver","bile duct cells","High","APE","Uncertain","Low","Low","Low","Low"
"83918","ENSG00000071553","liver","bile duct cells","Low","APE","Supportive","High","High","High","High"
"83997","ENSG00000071564","liver","bile duct cells","High","APE","Supportive","Low","Low","Low","Low"
"87960","ENSG00000072954","liver","bile duct cells","High","APE","Uncertain","Low","Low","Low","Low"
"92262","ENSG00000074660","liver","bile duct cells","Low","APE","Uncertain","High","High","High","High"
"92421","ENSG00000074696","liver","bile duct cells","Low","APE","Uncertain","High","High","High","High"
"96120","ENSG00000075785","liver","bile duct cells","Low","APE","Supportive","High","High","High","High"
"98987","ENSG00000076864","liver","bile duct cells","High","APE","Uncertain","Low","Low","Low","Low"
"102897","ENSG00000078140","liver","bile duct cells","Low","APE","Supportive","High","High","High","High"
"104804","ENSG00000078795","liver","bile duct cells","High","APE","Uncertain","Low","Low","Low","Low"
"107293","ENSG00000079689","liver","bile duct cells","High","APE","Supportive","Low","Low","Low","Low"
"108831","ENSG00000080345","liver","bile duct cells","Low","APE","Supportive","High","High","High","High"
"112341","ENSG00000081791","liver","bile duct cells","Low","APE","Uncertain","High","High","High","High"
"112503","ENSG00000081818","liver","bile duct cells","Low","APE","Uncertain","High","High","High","High"
"114349","ENSG00000082515","liver","bile duct cells","Low","APE","Uncertain","High","High","High","High"
"115936","ENSG00000083454","liver","bile duct cells","High","APE","Uncertain","Low","Low","Low","Low"
"120471","ENSG00000085433","liver","bile duct cells","Low","APE","Supportive","High","High","High","High"
"120948","ENSG00000085552","liver","bile duct cells","Low","APE","Uncertain","High","High","High","High"
"124053","ENSG00000086666","liver","bile duct cells","Low","APE","Uncertain","High","High","High","High"
"124533","ENSG00000086827","liver","bile duct cells","Low","APE","Supportive","High","High","High","High"
"126205","ENSG00000087245","liver","bile duct cells","High","APE","Uncertain","Low","Low","Low","Low"
"126604","ENSG00000087266","liver","bile duct cells","Low","APE","Uncertain","High","High","High","High"
"126765","ENSG00000087274","liver","bile duct cells","High","APE","Supportive","Low","Low","Low","Low"
"128279","ENSG00000088002","liver","bile duct cells","Low","APE","Uncertain","High","High","High","High"
"130023","ENSG00000088727","liver","bile duct cells","Low","APE","Supportive","High","High","High","High"
"133285","ENSG00000089234","liver","bile duct cells","Low","APE","Supportive","High","High","High","High"
"135804","ENSG00000090238","liver","bile duct cells","Low","APE","Uncertain","High","High","High","High"
"136999","ENSG00000090520","liver","bile duct cells","Low","APE","Supportive","High","High","High","High"
"140424","ENSG00000091483","liver","bile duct cells","Low","APE","Supportive","High","High","High","High"
"143680","ENSG00000092439","liver","bile duct cells","Low","APE","Uncertain","High","High","High","High"
"144718","ENSG00000092978","liver","bile duct cells","Low","APE","Uncertain","High","High","High","High"
"145120","ENSG00000093134","liver","bile duct cells","Low","APE","Uncertain","High","High","High","High"
"145596","ENSG00000094755","liver","bile duct cells","Low","APE","Uncertain","High","High","High","High"
"146392","ENSG00000095015","liver","bile duct cells","Low","APE","Supportive","High","High","High","High"
"149193","ENSG00000096063","liver","bile duct cells","Low","APE","Uncertain","High","High","High","High"
"152543","ENSG00000099624","liver","bile duct cells","Low","APE","Supportive","High","High","High","High"
"153256","ENSG00000099800","liver","bile duct cells","Low","APE","Uncertain","High","High","High","High"
"156217","ENSG00000100023","liver","bile duct cells","Low","APE","Supportive","High","High","High","High"
"156379","ENSG00000100027","liver","bile duct cells","Low","APE","Uncertain","High","High","High","High"
"156614","ENSG00000100030","liver","bile duct cells","Low","APE","Supportive","High","High","High","High"
"158361","ENSG00000100105","liver","bile duct cells","Low","APE","Uncertain","High","High","High","High"
"159642","ENSG00000100170","liver","bile duct cells","High","APE","Supportive","Low","Low","Low","Low"
"162726","ENSG00000100302","liver","bile duct cells","High","APE","Uncertain","Low","Low","Low","Low"
"164154","ENSG00000100345","liver","bile duct cells","High","APE","Supportive","Low","Low","Low","Low"
"166315","ENSG00000100413","liver","bile duct cells","Low","APE","Uncertain","High","High","High","High"
"171077","ENSG00000100629","liver","bile duct cells","Low","APE","Uncertain","High","High","High","High"
"173381","ENSG00000100842","liver","bile duct cells","High","APE","Uncertain","Low","Low","Low","Low"
"173855","ENSG00000100897","liver","bile duct cells","Low","APE","Uncertain","High","High","High","High"
"174332","ENSG00000100926","liver","bile duct cells","Low","APE","Uncertain","High","High","High","High"
"175591","ENSG00000101019","liver","bile duct cells","Low","APE","Supportive","High","High","High","High"
"176954","ENSG00000101152","liver","bile duct cells","Low","APE","Uncertain","High","High","High","High"
"177841","ENSG00000101193","liver","bile duct cells","Low","APE","Uncertain","High","High","High","High"
"179587","ENSG00000101280","liver","bile duct cells","Low","APE","Uncertain","High","High","High","High"
"184186","ENSG00000101558","liver","bile duct cells","Low","APE","Supportive","High","High","High","High"
"184267","ENSG00000101574","liver","bile duct cells","Low","APE","Uncertain","High","High","High","High"
"184672","ENSG00000101624","liver","bile duct cells","Low","APE","Supportive","High","High","High","High"
"188074","ENSG00000101977","liver","bile duct cells","Low","APE","Uncertain","High","High","High","High"
"195938","ENSG00000102882","liver","bile duct cells","Low","APE","Supportive","High","High","High","High"
"199293","ENSG00000103126","liver","bile duct cells","Low","APE","Supportive","High","High","High","High"
"199845","ENSG00000103175","liver","bile duct cells","Low","APE","Uncertain","High","High","High","High"
"204777","ENSG00000103599","liver","bile duct cells","Low","APE","Uncertain","High","High","High","High"
"204855","ENSG00000103642","liver","bile duct cells","Low","APE","Supportive","High","High","High","High"
"205816","ENSG00000103852","liver","bile duct cells","High","APE","Uncertain","Low","Low","Low","Low"
"206611","ENSG00000104043","liver","bile duct cells","Low","APE","Uncertain","High","High","High","High"
"208118","ENSG00000104205","liver","bile duct cells","Low","APE","Uncertain","High","High","High","High"
"208680","ENSG00000104290","liver","bile duct cells","Low","APE","Supportive","High","High","High","High"
"209078","ENSG00000104325","liver","bile duct cells","Low","APE","Supportive","High","High","High","High"
"209239","ENSG00000104331","liver","bile duct cells","Low","APE","Uncertain","High","High","High","High"
"209635","ENSG00000104368","liver","bile duct cells","Low","APE","Uncertain","High","High","High","High"
"210510","ENSG00000104427","liver","bile duct cells","Low","APE","Uncertain","High","High","High","High"
"211228","ENSG00000104529","liver","bile duct cells","Low","APE","Supportive","High","High","High","High"
"221308","ENSG00000105364","liver","bile duct cells","Low","APE","Uncertain","High","High","High","High"
"227756","ENSG00000105738","liver","bile duct cells","Low","APE","Uncertain","High","High","High","High"
"227913","ENSG00000105755","liver","bile duct cells","Low","APE","Supportive","High","High","High","High"
"230939","ENSG00000105974","liver","bile duct cells","High","APE","Supportive","Low","Low","Low","Low"
"231811","ENSG00000106006","liver","bile duct cells","Low","APE","Uncertain","High","High","High","High"
"232450","ENSG00000106049","liver","bile duct cells","Low","APE","Supportive","High","High","High","High"
"234217","ENSG00000106268","liver","bile duct cells","Low","APE","Uncertain","High","High","High","High"
"237844","ENSG00000106565","liver","bile duct cells","Low","APE","Uncertain","High","High","High","High"
"239359","ENSG00000106683","liver","bile duct cells","Low","APE","Uncertain","High","High","High","High"
"240797","ENSG00000106823","liver","bile duct cells","Low","APE","Uncertain","High","High","High","High"
"240875","ENSG00000106852","liver","bile duct cells","Low","APE","Uncertain","High","High","High","High"
"242706","ENSG00000107223","liver","bile duct cells","Low","APE","Uncertain","High","High","High","High"
"244778","ENSG00000107560","liver","bile duct cells","Low","APE","Uncertain","High","High","High","High"
"246924","ENSG00000107819","liver","bile duct cells","Low","APE","Uncertain","High","High","High","High"
"247800","ENSG00000107897","liver","bile duct cells","Low","APE","Supportive","High","High","High","High"
"248678","ENSG00000107984","liver","bile duct cells","Low","APE","Uncertain","High","High","High","High"
"250106","ENSG00000108239","liver","bile duct cells","Low","APE","Uncertain","High","High","High","High"
"250738","ENSG00000108294","liver","bile duct cells","Low","APE","Uncertain","High","High","High","High"
"252337","ENSG00000108433","liver","bile duct cells","Low","APE","Uncertain","High","High","High","High"
"252496","ENSG00000108443","liver","bile duct cells","Low","APE","Uncertain","High","High","High","High"
"252897","ENSG00000108474","liver","bile duct cells","High","APE","Uncertain","Low","Low","Low","Low"
"254091","ENSG00000108588","liver","bile duct cells","Low","APE","Uncertain","High","High","High","High"
"254721","ENSG00000108641","liver","bile duct cells","Low","APE","Uncertain","High","High","High","High"
"257425","ENSG00000108878","liver","bile duct cells","Low","APE","Uncertain","High","High","High","High"
"262299","ENSG00000109576","liver","bile duct cells","Low","APE","Supportive","High","High","High","High"
"265729","ENSG00000110002","liver","bile duct cells","Low","APE","Uncertain","High","High","High","High"
"268433","ENSG00000110321","liver","bile duct cells","Low","APE","Supportive","High","High","High","High"
"269234","ENSG00000110435","liver","bile duct cells","Low","APE","Supportive","High","High","High","High"
"270501","ENSG00000110675","liver","bile duct cells","Low","APE","Uncertain","High","High","High","High"
"272646","ENSG00000110911","liver","bile duct cells","Low","APE","Uncertain","High","High","High","High"
"272804","ENSG00000110921","liver","bile duct cells","Low","APE","Uncertain","High","High","High","High"
"275337","ENSG00000111249","liver","bile duct cells","Low","APE","Uncertain","High","High","High","High"
"277324","ENSG00000111404","liver","bile duct cells","Low","APE","Uncertain","High","High","High","High"
"279680","ENSG00000111670","liver","bile duct cells","Low","APE","Uncertain","High","High","High","High"
"280868","ENSG00000111728","liver","bile duct cells","Low","APE","Supportive","High","High","High","High"
"282363","ENSG00000111845","liver","bile duct cells","Low","APE","Supportive","High","High","High","High"
"287809","ENSG00000112309","liver","bile duct cells","Low","APE","Uncertain","High","High","High","High"
"289411","ENSG00000112486","liver","bile duct cells","Low","APE","Supportive","High","High","High","High"
"291249","ENSG00000112679","liver","bile duct cells","Low","APE","Supportive","High","High","High","High"
"296480","ENSG00000113361","liver","bile duct cells","High","APE","Supportive","Low","Low","Low","Low"
"296799","ENSG00000113387","liver","bile duct cells","Low","APE","Supportive","High","High","High","High"
"298701","ENSG00000113595","liver","bile duct cells","Low","APE","Uncertain","High","High","High","High"
"300533","ENSG00000113790","liver","bile duct cells","Low","APE","Supportive","High","High","High","High"
"302045","ENSG00000114054","liver","bile duct cells","Low","APE","Supportive","High","High","High","High"
"303951","ENSG00000114391","liver","bile duct cells","Low","APE","Uncertain","High","High","High","High"
"313842","ENSG00000115392","liver","bile duct cells","Low","APE","Supportive","High","High","High","High"
"315525","ENSG00000115524","liver","bile duct cells","Low","APE","Uncertain","High","High","High","High"
"319427","ENSG00000115896","liver","bile duct cells","Low","APE","Supportive","High","High","High","High"
"323338","ENSG00000116221","liver","bile duct cells","Low","APE","Supportive","High","High","High","High"
"324691","ENSG00000116473","liver","bile duct cells","Low","APE","Uncertain","High","High","High","High"
"325802","ENSG00000116641","liver","bile duct cells","Low","APE","Uncertain","High","High","High","High"
"327873","ENSG00000116786","liver","bile duct cells","Low","APE","Uncertain","High","High","High","High"
"328344","ENSG00000116833","liver","bile duct cells","Low","APE","Supportive","High","High","High","High"
"328426","ENSG00000116852","liver","bile duct cells","Low","APE","Supportive","High","High","High","High"
"331938","ENSG00000117222","liver","bile duct cells","Low","APE","Uncertain","High","High","High","High"
"332019","ENSG00000117226","liver","bile duct cells","Low","APE","Uncertain","High","High","High","High"
"335136","ENSG00000117528","liver","bile duct cells","Low","APE","Supportive","High","High","High","High"
"336248","ENSG00000117614","liver","bile duct cells","Low","APE","Uncertain","High","High","High","High"
"337755","ENSG00000117859","liver","bile duct cells","Low","APE","Supportive","High","High","High","High"
"339607","ENSG00000118197","liver","bile duct cells","Low","APE","Uncertain","High","High","High","High"
"339685","ENSG00000118200","liver","bile duct cells","Low","APE","Supportive","High","High","High","High"
"339762","ENSG00000118217","liver","bile duct cells","High","APE","Uncertain","Low","Low","Low","Low"
"348351","ENSG00000119599","liver","bile duct cells","Low","APE","Uncertain","High","High","High","High"
"355683","ENSG00000120278","liver","bile duct cells","Low","APE","Uncertain","High","High","High","High"
"359970","ENSG00000120725","liver","bile duct cells","Low","APE","Supportive","High","High","High","High"
"362743","ENSG00000121064","liver","bile duct cells","High","APE","Uncertain","Low","Low","Low","Low"
"364647","ENSG00000121406","liver","bile duct cells","Low","APE","Uncertain","High","High","High","High"
"368725","ENSG00000121989","liver","bile duct cells","Low","APE","Uncertain","High","High","High","High"
"371978","ENSG00000122482","liver","bile duct cells","Low","APE","Uncertain","High","High","High","High"
"373708","ENSG00000122674","liver","bile duct cells","Low","APE","Uncertain","High","High","High","High"
"374196","ENSG00000122707","liver","bile duct cells","High","APE","Uncertain","Low","Low","Low","Low"
"376805","ENSG00000123080","liver","bile duct cells","Low","APE","Supportive","High","High","High","High"
"377283","ENSG00000123124","liver","bile duct cells","Low","APE","Uncertain","High","High","High","High"
"378476","ENSG00000123213","liver","bile duct cells","Low","APE","Supportive","High","High","High","High"
"380926","ENSG00000123560","liver","bile duct cells","High","APE","Supportive","Low","Low","Low","Low"
"383136","ENSG00000123908","liver","bile duct cells","Low","APE","Supportive","High","High","High","High"
"385688","ENSG00000124181","liver","bile duct cells","Low","APE","Supportive","High","High","High","High"
"386172","ENSG00000124201","liver","bile duct cells","Low","APE","Uncertain","High","High","High","High"
"386651","ENSG00000124214","liver","bile duct cells","Low","APE","Uncertain","High","High","High","High"
"387042","ENSG00000124224","liver","bile duct cells","Low","APE","Uncertain","High","High","High","High"
"391724","ENSG00000124578","liver","bile duct cells","Low","APE","Uncertain","High","High","High","High"
"397785","ENSG00000125375","liver","bile duct cells","Low","APE","Uncertain","High","High","High","High"
"400640","ENSG00000125656","liver","bile duct cells","Low","APE","Supportive","High","High","High","High"
"401033","ENSG00000125691","liver","bile duct cells","Low","APE","Uncertain","High","High","High","High"
"405320","ENSG00000125901","liver","bile duct cells","Low","APE","Supportive","High","High","High","High"
"405552","ENSG00000125912","liver","bile duct cells","Low","APE","Uncertain","High","High","High","High"
"407473","ENSG00000126214","liver","bile duct cells","Low","APE","Uncertain","High","High","High","High"
"412477","ENSG00000126858","liver","bile duct cells","Low","APE","Supportive","High","High","High","High"
"414553","ENSG00000127184","liver","bile duct cells","Low","APE","Supportive","High","High","High","High"
"420756","ENSG00000128228","liver","bile duct cells","Low","APE","Supportive","High","High","High","High"
"423366","ENSG00000128581","liver","bile duct cells","Low","APE","Uncertain","High","High","High","High"
"424057","ENSG00000128606","liver","bile duct cells","Low","APE","Uncertain","High","High","High","High"
"424214","ENSG00000128609","liver","bile duct cells","Low","APE","Supportive","High","High","High","High"
"426039","ENSG00000128917","liver","bile duct cells","High","APE","Uncertain","Low","Low","Low","Low"
"426356","ENSG00000128944","liver","bile duct cells","Low","APE","Uncertain","High","High","High","High"
"427310","ENSG00000129083","liver","bile duct cells","Low","APE","Supportive","High","High","High","High"
"431441","ENSG00000129562","liver","bile duct cells","Low","APE","Supportive","High","High","High","High"
"432071","ENSG00000129657","liver","bile duct cells","Low","APE","Supportive","High","High","High","High"
"434052","ENSG00000129990","liver","bile duct cells","Low","APE","Uncertain","High","High","High","High"
"434846","ENSG00000130052","liver","bile duct cells","Low","APE","Uncertain","High","High","High","High"
"435087","ENSG00000130066","liver","bile duct cells","Low","APE","Uncertain","High","High","High","High"
"435962","ENSG00000130177","liver","bile duct cells","Low","APE","Supportive","High","High","High","High"
"436283","ENSG00000130203","liver","bile duct cells","Low","APE","Supportive","High","High","High","High"
"437633","ENSG00000130303","liver","bile duct cells","Low","APE","Uncertain","High","High","High","High"
"438335","ENSG00000130338","liver","bile duct cells","Low","APE","Supportive","High","High","High","High"
"438497","ENSG00000130347","liver","bile duct cells","Low","APE","Supportive","High","High","High","High"
"439295","ENSG00000130413","liver","bile duct cells","Low","APE","Uncertain","High","High","High","High"
"440318","ENSG00000130520","liver","bile duct cells","Low","APE","Uncertain","High","High","High","High"
"441826","ENSG00000130640","liver","bile duct cells","Low","APE","Uncertain","High","High","High","High"
"442224","ENSG00000130695","liver","bile duct cells","Low","APE","Uncertain","High","High","High","High"
"443583","ENSG00000130748","liver","bile duct cells","Low","APE","Uncertain","High","High","High","High"
"448678","ENSG00000131116","liver","bile duct cells","Low","APE","Uncertain","High","High","High","High"
"452311","ENSG00000131469","liver","bile duct cells","Low","APE","Uncertain","High","High","High","High"
"454932","ENSG00000131747","liver","bile duct cells","Low","APE","Supportive","High","High","High","High"
"456681","ENSG00000131943","liver","bile duct cells","Low","APE","Uncertain","High","High","High","High"
"466709","ENSG00000132780","liver","bile duct cells","Low","APE","Supportive","High","High","High","High"
"468216","ENSG00000132881","liver","bile duct cells","Low","APE","Uncertain","High","High","High","High"
"469663","ENSG00000133028","liver","bile duct cells","Low","APE","Supportive","High","High","High","High"
"471730","ENSG00000133216","liver","bile duct cells","Low","APE","Uncertain","High","High","High","High"
"471808","ENSG00000133226","liver","bile duct cells","Low","APE","Supportive","High","High","High","High"
"472123","ENSG00000133265","liver","bile duct cells","Low","APE","Uncertain","High","High","High","High"
"473246","ENSG00000133422","liver","bile duct cells","High","APE","Uncertain","Low","Low","Low","Low"
"476359","ENSG00000133835","liver","bile duct cells","Low","APE","Supportive","High","High","High","High"
"477552","ENSG00000134001","liver","bile duct cells","Low","APE","Uncertain","High","High","High","High"
"478912","ENSG00000134086","liver","bile duct cells","High","APE","Uncertain","Low","Low","Low","Low"
"482806","ENSG00000134333","liver","bile duct cells","Low","APE","Uncertain","High","High","High","High"
"483526","ENSG00000134419","liver","bile duct cells","Low","APE","Supportive","High","High","High","High"
"484159","ENSG00000134463","liver","bile duct cells","Low","APE","Uncertain","High","High","High","High"
"487593","ENSG00000134815","liver","bile duct cells","High","APE","Uncertain","Low","Low","Low","Low"
"487830","ENSG00000134825","liver","bile duct cells","Low","APE","Uncertain","High","High","High","High"
"495798","ENSG00000135423","liver","bile duct cells","Low","APE","Uncertain","High","High","High","High"
"500107","ENSG00000135740","liver","bile duct cells","Low","APE","Supportive","High","High","High","High"
"501640","ENSG00000135847","liver","bile duct cells","Low","APE","Supportive","High","High","High","High"
"501720","ENSG00000135862","liver","bile duct cells","High","APE","Supportive","Low","Low","Low","Low"
"506569","ENSG00000136158","liver","bile duct cells","Low","APE","Uncertain","High","High","High","High"
"509426","ENSG00000136371","liver","bile duct cells","Low","APE","Uncertain","High","High","High","High"
"510550","ENSG00000136463","liver","bile duct cells","Low","APE","Supportive","High","High","High","High"
"511256","ENSG00000136521","liver","bile duct cells","Low","APE","Supportive","High","High","High","High"
"511336","ENSG00000136522","liver","bile duct cells","Low","APE","Uncertain","High","High","High","High"
"523394","ENSG00000137364","liver","bile duct cells","Low","APE","Supportive","High","High","High","High"
"524756","ENSG00000137500","liver","bile duct cells","Low","APE","Supportive","High","High","High","High"
"528099","ENSG00000137767","liver","bile duct cells","Low","APE","Supportive","High","High","High","High"
"528895","ENSG00000137814","liver","bile duct cells","Low","APE","Supportive","High","High","High","High"
"529677","ENSG00000137841","liver","bile duct cells","Low","APE","Uncertain","High","High","High","High"
"533644","ENSG00000138095","liver","bile duct cells","Low","APE","Supportive","High","High","High","High"
"536022","ENSG00000138297","liver","bile duct cells","High","APE","Uncertain","Low","Low","Low","Low"
"536337","ENSG00000138315","liver","bile duct cells","Low","APE","Uncertain","High","High","High","High"
"537379","ENSG00000138381","liver","bile duct cells","Low","APE","Uncertain","High","High","High","High"
"538584","ENSG00000138442","liver","bile duct cells","Low","APE","Uncertain","High","High","High","High"
"539379","ENSG00000138600","liver","bile duct cells","Low","APE","Supportive","High","High","High","High"
"540149","ENSG00000138640","liver","bile duct cells","Low","APE","Uncertain","High","High","High","High"
"540706","ENSG00000138660","liver","bile duct cells","Low","APE","Uncertain","High","High","High","High"
"541105","ENSG00000138674","liver","bile duct cells","Low","APE","Supportive","High","High","High","High"
"544434","ENSG00000138834","liver","bile duct cells","Low","APE","Uncertain","High","High","High","High"
"544511","ENSG00000138835","liver","bile duct cells","Low","APE","Supportive","High","High","High","High"
"546805","ENSG00000139194","liver","bile duct cells","Low","APE","Supportive","High","High","High","High"
"546885","ENSG00000139197","liver","bile duct cells","Low","APE","Supportive","High","High","High","High"
"548537","ENSG00000139350","liver","bile duct cells","Low","APE","Supportive","High","High","High","High"
"549248","ENSG00000139428","liver","bile duct cells","Low","APE","Supportive","High","High","High","High"
"550591","ENSG00000139549","liver","bile duct cells","Low","APE","Uncertain","High","High","High","High"
"554563","ENSG00000139973","liver","bile duct cells","Low","APE","Uncertain","High","High","High","High"
"556543","ENSG00000140265","liver","bile duct cells","Low","APE","Supportive","High","High","High","High"
"557655","ENSG00000140374","liver","bile duct cells","Low","APE","Supportive","High","High","High","High"
"561054","ENSG00000140632","liver","bile duct cells","Low","APE","Supportive","High","High","High","High"
"563113","ENSG00000140905","liver","bile duct cells","Low","APE","Supportive","High","High","High","High"
"565803","ENSG00000141098","liver","bile duct cells","High","APE","Uncertain","Low","Low","Low","Low"
"568110","ENSG00000141385","liver","bile duct cells","Low","APE","Supportive","High","High","High","High"
"568828","ENSG00000141441","liver","bile duct cells","Low","APE","Uncertain","High","High","High","High"
"571669","ENSG00000141622","liver","bile duct cells","Low","APE","Uncertain","High","High","High","High"
"575498","ENSG00000142168","liver","bile duct cells","High","APE","Supportive","Low","Low","Low","Low"
"576761","ENSG00000142319","liver","bile duct cells","High","APE","Uncertain","Low","Low","Low","Low"
"579606","ENSG00000142655","liver","bile duct cells","Low","APE","Supportive","High","High","High","High"
"580565","ENSG00000142700","liver","bile duct cells","Low","APE","Uncertain","High","High","High","High"
"581513","ENSG00000142867","liver","bile duct cells","Low","APE","Uncertain","High","High","High","High"
"581673","ENSG00000142875","liver","bile duct cells","Low","APE","Supportive","High","High","High","High"
"582706","ENSG00000143028","liver","bile duct cells","Low","APE","Uncertain","High","High","High","High"
"583980","ENSG00000143153","liver","bile duct cells","Low","APE","Supportive","High","High","High","High"
"587813","ENSG00000143374","liver","bile duct cells","Low","APE","Supportive","High","High","High","High"
"588294","ENSG00000143390","liver","bile duct cells","Low","APE","Supportive","High","High","High","High"
"588936","ENSG00000143420","liver","bile duct cells","High","APE","Uncertain","Low","Low","Low","Low"
"589579","ENSG00000143458","liver","bile duct cells","Low","APE","Uncertain","High","High","High","High"
"591725","ENSG00000143578","liver","bile duct cells","Low","APE","Uncertain","High","High","High","High"
"593483","ENSG00000143761","liver","bile duct cells","Low","APE","Supportive","High","High","High","High"
"595145","ENSG00000143870","liver","bile duct cells","Low","APE","Supportive","High","High","High","High"
"599915","ENSG00000144357","liver","bile duct cells","Low","APE","Uncertain","High","High","High","High"
"600392","ENSG00000144401","liver","bile duct cells","Low","APE","Uncertain","High","High","High","High"
"605211","ENSG00000144827","liver","bile duct cells","Low","APE","Uncertain","High","High","High","High"
"605370","ENSG00000144837","liver","bile duct cells","Low","APE","Uncertain","High","High","High","High"
"607264","ENSG00000145050","liver","bile duct cells","Low","APE","Supportive","High","High","High","High"
"610621","ENSG00000145425","liver","bile duct cells","Low","APE","Supportive","High","High","High","High"
"610861","ENSG00000145439","liver","bile duct cells","Low","APE","Supportive","High","High","High","High"
"613408","ENSG00000145743","liver","bile duct cells","Low","APE","Uncertain","High","High","High","High"
"617132","ENSG00000146054","liver","bile duct cells","Low","APE","Uncertain","High","High","High","High"
"619105","ENSG00000146267","liver","bile duct cells","Low","APE","Uncertain","High","High","High","High"
"620219","ENSG00000146414","liver","bile duct cells","Low","APE","Uncertain","High","High","High","High"
"620696","ENSG00000146463","liver","bile duct cells","Low","APE","Uncertain","High","High","High","High"
"621175","ENSG00000146535","liver","bile duct cells","Low","APE","Uncertain","High","High","High","High"
"621408","ENSG00000146574","liver","bile duct cells","Low","APE","Uncertain","High","High","High","High"
"624833","ENSG00000147044","liver","bile duct cells","Low","APE","Supportive","High","High","High","High"
"625773","ENSG00000147123","liver","bile duct cells","Low","APE","Supportive","High","High","High","High"
"627987","ENSG00000147316","liver","bile duct cells","Low","APE","Supportive","High","High","High","High"
"630601","ENSG00000147592","liver","bile duct cells","Low","APE","Uncertain","High","High","High","High"
"631156","ENSG00000147649","liver","bile duct cells","Low","APE","Supportive","High","High","High","High"
"634820","ENSG00000148187","liver","bile duct cells","Low","APE","Supportive","High","High","High","High"
"635140","ENSG00000148225","liver","bile duct cells","High","APE","Supportive","Low","Low","Low","Low"
"637113","ENSG00000148400","liver","bile duct cells","Low","APE","Supportive","High","High","High","High"
"639004","ENSG00000148672","liver","bile duct cells","Low","APE","Uncertain","High","High","High","High"
"644976","ENSG00000149346","liver","bile duct cells","Low","APE","Uncertain","High","High","High","High"
"646630","ENSG00000149547","liver","bile duct cells","Low","APE","Supportive","High","High","High","High"
"646950","ENSG00000149564","liver","bile duct cells","Low","APE","Uncertain","High","High","High","High"
"651862","ENSG00000150551","liver","bile duct cells","Low","APE","Uncertain","High","High","High","High"
"652018","ENSG00000150593","liver","bile duct cells","Low","APE","Supportive","High","High","High","High"
"653447","ENSG00000150773","liver","bile duct cells","High","APE","Uncertain","Low","Low","Low","Low"
"656929","ENSG00000151276","liver","bile duct cells","High","APE","Uncertain","Low","Low","Low","Low"
"658504","ENSG00000151422","liver","bile duct cells","Low","APE","Uncertain","High","High","High","High"
"659308","ENSG00000151498","liver","bile duct cells","Low","APE","Supportive","High","High","High","High"
"659549","ENSG00000151503","liver","bile duct cells","Low","APE","Uncertain","High","High","High","High"
"660116","ENSG00000151611","liver","bile duct cells","Low","APE","Uncertain","High","High","High","High"
"660357","ENSG00000151623","liver","bile duct cells","Low","APE","Uncertain","High","High","High","High"
"660512","ENSG00000151640","liver","bile duct cells","Low","APE","Uncertain","High","High","High","High"
"660991","ENSG00000151687","liver","bile duct cells","Low","APE","Uncertain","High","High","High","High"
"663454","ENSG00000151948","liver","bile duct cells","Low","APE","Uncertain","High","High","High","High"
"665591","ENSG00000152229","liver","bile duct cells","Low","APE","Supportive","High","High","High","High"
"667495","ENSG00000152443","liver","bile duct cells","Low","APE","Uncertain","High","High","High","High"
"671610","ENSG00000152936","liver","bile duct cells","Low","APE","Uncertain","High","High","High","High"
"672635","ENSG00000153015","liver","bile duct cells","Low","APE","Uncertain","High","High","High","High"
"673512","ENSG00000153094","liver","bile duct cells","Low","APE","Supportive","High","High","High","High"
"675105","ENSG00000153250","liver","bile duct cells","Low","APE","Uncertain","High","High","High","High"
"675418","ENSG00000153294","liver","bile duct cells","Low","APE","Uncertain","High","High","High","High"
"676684","ENSG00000153561","liver","bile duct cells","Low","APE","Uncertain","High","High","High","High"
"678976","ENSG00000153936","liver","bile duct cells","Low","APE","Supportive","High","High","High","High"
"680492","ENSG00000154118","liver","bile duct cells","Low","APE","Uncertain","High","High","High","High"
"680729","ENSG00000154134","liver","bile duct cells","Low","APE","Uncertain","High","High","High","High"
"681133","ENSG00000154174","liver","bile duct cells","Low","APE","Supportive","High","High","High","High"
"682488","ENSG00000154310","liver","bile duct cells","Low","APE","Uncertain","High","High","High","High"
"683845","ENSG00000154537","liver","bile duct cells","Low","APE","Uncertain","High","High","High","High"
"691796","ENSG00000155660","liver","bile duct cells","Low","APE","Supportive","High","High","High","High"
"692586","ENSG00000155792","liver","bile duct cells","Low","APE","Supportive","High","High","High","High"
"694331","ENSG00000155980","liver","bile duct cells","Low","APE","Uncertain","High","High","High","High"
"695039","ENSG00000156050","liver","bile duct cells","Low","APE","Uncertain","High","High","High","High"
"696317","ENSG00000156218","liver","bile duct cells","Low","APE","Uncertain","High","High","High","High"
"701099","ENSG00000156709","liver","bile duct cells","Low","APE","Supportive","High","High","High","High"
"701904","ENSG00000156869","liver","bile duct cells","Low","APE","Uncertain","High","High","High","High"
"706416","ENSG00000157388","liver","bile duct cells","Low","APE","Uncertain","High","High","High","High"
"708096","ENSG00000157601","liver","bile duct cells","Low","APE","Supportive","High","High","High","High"
"711362","ENSG00000157999","liver","bile duct cells","Low","APE","Uncertain","High","High","High","High"
"711519","ENSG00000158008","liver","bile duct cells","Low","APE","Uncertain","High","High","High","High"
"713099","ENSG00000158186","liver","bile duct cells","Low","APE","Uncertain","High","High","High","High"
"713657","ENSG00000158286","liver","bile duct cells","Low","APE","Uncertain","High","High","High","High"
"714362","ENSG00000158402","liver","bile duct cells","Low","APE","Uncertain","High","High","High","High"
"714437","ENSG00000158406","liver","bile duct cells","Low","APE","Uncertain","High","High","High","High"
"718784","ENSG00000158863","liver","bile duct cells","Low","APE","Uncertain","High","High","High","High"
"719509","ENSG00000158966","liver","bile duct cells","Low","APE","Uncertain","High","High","High","High"
"739236","ENSG00000161021","liver","bile duct cells","Low","APE","Uncertain","High","High","High","High"
"740596","ENSG00000161267","liver","bile duct cells","Low","APE","Supportive","High","High","High","High"
"741477","ENSG00000161533","liver","bile duct cells","Low","APE","Supportive","High","High","High","High"
"745299","ENSG00000161981","liver","bile duct cells","Low","APE","Uncertain","High","High","High","High"
"745538","ENSG00000162032","liver","bile duct cells","Low","APE","Uncertain","High","High","High","High"
"753237","ENSG00000162621","liver","bile duct cells","Low","APE","Uncertain","High","High","High","High"
"754591","ENSG00000162688","liver","bile duct cells","Low","APE","Supportive","High","High","High","High"
"755153","ENSG00000162711","liver","bile duct cells","High","APE","Uncertain","Low","Low","Low","Low"
"755871","ENSG00000162739","liver","bile duct cells","High","APE","Uncertain","Low","Low","Low","Low"
"756425","ENSG00000162763","liver","bile duct cells","Low","APE","Uncertain","High","High","High","High"
"757049","ENSG00000162783","liver","bile duct cells","Low","APE","Uncertain","High","High","High","High"
"759825","ENSG00000162949","liver","bile duct cells","Low","APE","Uncertain","High","High","High","High"
"769814","ENSG00000163492","liver","bile duct cells","Low","APE","Uncertain","High","High","High","High"
"769975","ENSG00000163501","liver","bile duct cells","Low","APE","Uncertain","High","High","High","High"
"772044","ENSG00000163577","liver","bile duct cells","Low","APE","Uncertain","High","High","High","High"
"772449","ENSG00000163596","liver","bile duct cells","Low","APE","Uncertain","High","High","High","High"
"772767","ENSG00000163607","liver","bile duct cells","Low","APE","Uncertain","High","High","High","High"
"773245","ENSG00000163625","liver","bile duct cells","Low","APE","Supportive","High","High","High","High"
"773955","ENSG00000163636","liver","bile duct cells","Low","APE","Uncertain","High","High","High","High"
"775624","ENSG00000163703","liver","bile duct cells","Low","APE","Uncertain","High","High","High","High"
"780257","ENSG00000163913","liver","bile duct cells","Low","APE","Uncertain","High","High","High","High"
"781757","ENSG00000163982","liver","bile duct cells","Low","APE","Uncertain","High","High","High","High"
"784462","ENSG00000164078","liver","bile duct cells","Low","APE","Uncertain","High","High","High","High"
"787567","ENSG00000164176","liver","bile duct cells","Low","APE","Uncertain","High","High","High","High"
"788849","ENSG00000164251","liver","bile duct cells","Low","APE","Uncertain","High","High","High","High"
"789878","ENSG00000164296","liver","bile duct cells","Low","APE","Uncertain","High","High","High","High"
"795105","ENSG00000164619","liver","bile duct cells","Low","APE","Uncertain","High","High","High","High"
"798781","ENSG00000164823","liver","bile duct cells","Low","APE","Uncertain","High","High","High","High"
"799419","ENSG00000164880","liver","bile duct cells","Low","APE","Uncertain","High","High","High","High"
"799579","ENSG00000164889","liver","bile duct cells","Low","APE","Supportive","High","High","High","High"
"806225","ENSG00000165259","liver","bile duct cells","Low","APE","Uncertain","High","High","High","High"
"807572","ENSG00000165338","liver","bile duct cells","Low","APE","Uncertain","High","High","High","High"
"807730","ENSG00000165355","liver","bile duct cells","Low","APE","Uncertain","High","High","High","High"
"808752","ENSG00000165424","liver","bile duct cells","Low","APE","Uncertain","High","High","High","High"
"814263","ENSG00000165731","liver","bile duct cells","Low","APE","Uncertain","High","High","High","High"
"816332","ENSG00000165861","liver","bile duct cells","Low","APE","Uncertain","High","High","High","High"
"816570","ENSG00000165879","liver","bile duct cells","Low","APE","Supportive","High","High","High","High"
"831398","ENSG00000166748","liver","bile duct cells","Low","APE","Uncertain","High","High","High","High"
"831558","ENSG00000166762","liver","bile duct cells","Low","APE","Uncertain","High","High","High","High"
"831863","ENSG00000166793","liver","bile duct cells","Low","APE","Uncertain","High","High","High","High"
"836918","ENSG00000167014","liver","bile duct cells","Low","APE","Uncertain","High","High","High","High"
"838645","ENSG00000167118","liver","bile duct cells","Low","APE","Supportive","High","High","High","High"
"839594","ENSG00000167193","liver","bile duct cells","High","APE","Supportive","Low","Low","Low","Low"
"843797","ENSG00000167522","liver","bile duct cells","Low","APE","Supportive","High","High","High","High"
"851996","ENSG00000167904","liver","bile duct cells","Low","APE","Uncertain","High","High","High","High"
"853586","ENSG00000167987","liver","bile duct cells","Low","APE","Supportive","High","High","High","High"
"854615","ENSG00000168028","liver","bile duct cells","Low","APE","Uncertain","High","High","High","High"
"857698","ENSG00000168260","liver","bile duct cells","Low","APE","Uncertain","High","High","High","High"
"858566","ENSG00000168286","liver","bile duct cells","High","APE","Supportive","Low","Low","Low","Low"
"859197","ENSG00000168306","liver","bile duct cells","Low","APE","Supportive","High","High","High","High"
"860239","ENSG00000168393","liver","bile duct cells","Low","APE","Supportive","High","High","High","High"
"861519","ENSG00000168481","liver","bile duct cells","Low","APE","Uncertain","High","High","High","High"
"862310","ENSG00000168522","liver","bile duct cells","High","APE","Uncertain","Low","Low","Low","Low"
"864057","ENSG00000168653","liver","bile duct cells","Low","APE","Supportive","High","High","High","High"
"864929","ENSG00000168724","liver","bile duct cells","Low","APE","Uncertain","High","High","High","High"
"866188","ENSG00000168802","liver","bile duct cells","High","APE","Uncertain","Low","Low","Low","Low"
"867747","ENSG00000168904","liver","bile duct cells","Low","APE","Uncertain","High","High","High","High"
"871557","ENSG00000169154","liver","bile duct cells","Low","APE","Uncertain","High","High","High","High"
"873363","ENSG00000169241","liver","bile duct cells","Low","APE","Uncertain","High","High","High","High"
"877148","ENSG00000169507","liver","bile duct cells","Low","APE","Uncertain","High","High","High","High"
"878816","ENSG00000169618","liver","bile duct cells","Low","APE","Uncertain","High","High","High","High"
"880571","ENSG00000169744","liver","bile duct cells","Low","APE","Supportive","High","High","High","High"
"884456","ENSG00000169972","liver","bile duct cells","Low","APE","Uncertain","High","High","High","High"
"887156","ENSG00000170215","liver","bile duct cells","Low","APE","Uncertain","High","High","High","High"
"888507","ENSG00000170291","liver","bile duct cells","Low","APE","Supportive","High","High","High","High"
"888821","ENSG00000170312","liver","bile duct cells","Low","APE","Supportive","High","High","High","High"
"889465","ENSG00000170348","liver","bile duct cells","Low","APE","Supportive","High","High","High","High"
"892100","ENSG00000170477","liver","bile duct cells","Low","APE","Supportive","High","High","High","High"
"897343","ENSG00000170854","liver","bile duct cells","Low","APE","Supportive","High","High","High","High"
"897812","ENSG00000170889","liver","bile duct cells","Low","APE","Uncertain","High","High","High","High"
"902020","ENSG00000171155","liver","bile duct cells","Low","APE","Uncertain","High","High","High","High"
"904974","ENSG00000171357","liver","bile duct cells","High","APE","Uncertain","Low","Low","Low","Low"
"913355","ENSG00000171853","liver","bile duct cells","Low","APE","Uncertain","High","High","High","High"
"917005","ENSG00000172115","liver","bile duct cells","Low","APE","Supportive","High","High","High","High"
"923437","ENSG00000172568","liver","bile duct cells","High","APE","Uncertain","Low","Low","Low","Low"
"923750","ENSG00000172590","liver","bile duct cells","Low","APE","Supportive","High","High","High","High"
"923831","ENSG00000172594","liver","bile duct cells","Low","APE","Uncertain","High","High","High","High"
"925009","ENSG00000172717","liver","bile duct cells","Low","APE","Uncertain","High","High","High","High"
"926568","ENSG00000172803","liver","bile duct cells","Low","APE","Uncertain","High","High","High","High"
"927197","ENSG00000172831","liver","bile duct cells","Low","APE","Supportive","High","High","High","High"
"928459","ENSG00000172938","liver","bile duct cells","Low","APE","Uncertain","High","High","High","High"
"932119","ENSG00000173221","liver","bile duct cells","Low","APE","Uncertain","High","High","High","High"
"932435","ENSG00000173237","liver","bile duct cells","High","APE","Uncertain","Low","Low","Low","Low"
"935456","ENSG00000173480","liver","bile duct cells","High","APE","Uncertain","Low","Low","Low","Low"
"937839","ENSG00000173660","liver","bile duct cells","Low","APE","Uncertain","High","High","High","High"
"940718","ENSG00000173889","liver","bile duct cells","Low","APE","Uncertain","High","High","High","High"
"943037","ENSG00000174099","liver","bile duct cells","Low","APE","Supportive","High","High","High","High"
"944473","ENSG00000174225","liver","bile duct cells","Low","APE","Uncertain","High","High","High","High"
"946264","ENSG00000174429","liver","bile duct cells","Low","APE","Uncertain","High","High","High","High"
"946423","ENSG00000174442","liver","bile duct cells","Low","APE","Uncertain","High","High","High","High"
"947781","ENSG00000174527","liver","bile duct cells","Low","APE","Uncertain","High","High","High","High"
"948332","ENSG00000174586","liver","bile duct cells","Low","APE","Uncertain","High","High","High","High"
"948811","ENSG00000174611","liver","bile duct cells","Low","APE","Uncertain","High","High","High","High"
"950076","ENSG00000174775","liver","bile duct cells","High","APE","Uncertain","Low","Low","Low","Low"
"954765","ENSG00000175155","liver","bile duct cells","Low","APE","Uncertain","High","High","High","High"
"955885","ENSG00000175216","liver","bile duct cells","Low","APE","Supportive","High","High","High","High"
"956045","ENSG00000175221","liver","bile duct cells","Low","APE","Uncertain","High","High","High","High"
"960420","ENSG00000175602","liver","bile duct cells","Low","APE","Uncertain","High","High","High","High"
"969547","ENSG00000176515","liver","bile duct cells","Low","APE","Uncertain","High","High","High","High"
"971462","ENSG00000176697","liver","bile duct cells","Low","APE","Uncertain","High","High","High","High"
"973196","ENSG00000176890","liver","bile duct cells","Low","APE","Uncertain","High","High","High","High"
"974224","ENSG00000176946","liver","bile duct cells","High","APE","Uncertain","Low","Low","Low","Low"
"974531","ENSG00000176978","liver","bile duct cells","High","APE","Uncertain","Low","Low","Low","Low"
"975170","ENSG00000177030","liver","bile duct cells","Low","APE","Supportive","High","High","High","High"
"978897","ENSG00000177414","liver","bile duct cells","Low","APE","Supportive","High","High","High","High"
"981194","ENSG00000177595","liver","bile duct cells","Low","APE","Supportive","High","High","High","High"
"983804","ENSG00000177842","liver","bile duct cells","Low","APE","Uncertain","High","High","High","High"
"984121","ENSG00000177875","liver","bile duct cells","Low","APE","Uncertain","High","High","High","High"
"984595","ENSG00000177932","liver","bile duct cells","Low","APE","Uncertain","High","High","High","High"
"986353","ENSG00000178057","liver","bile duct cells","Low","APE","Supportive","High","High","High","High"
"988653","ENSG00000178243","liver","bile duct cells","Low","APE","Uncertain","High","High","High","High"
"989445","ENSG00000178358","liver","bile duct cells","Low","APE","Uncertain","High","High","High","High"
"989683","ENSG00000178381","liver","bile duct cells","Low","APE","Uncertain","High","High","High","High"
"990800","ENSG00000178473","liver","bile duct cells","Low","APE","Uncertain","High","High","High","High"
"996656","ENSG00000179044","liver","bile duct cells","Low","APE","Uncertain","High","High","High","High"
"997213","ENSG00000179085","liver","bile duct cells","Low","APE","Uncertain","High","High","High","High"
"997678","ENSG00000179119","liver","bile duct cells","Low","APE","Uncertain","High","High","High","High"
"1002414","ENSG00000179630","liver","bile duct cells","High","APE","Uncertain","Low","Low","Low","Low"
"1003527","ENSG00000179776","liver","bile duct cells","Low","APE","Uncertain","High","High","High","High"
"1005193","ENSG00000179921","liver","bile duct cells","High","APE","Supportive","Low","Low","Low","Low"
"1006058","ENSG00000179988","liver","bile duct cells","Low","APE","Uncertain","High","High","High","High"
"1007482","ENSG00000180190","liver","bile duct cells","Low","APE","Uncertain","High","High","High","High"
"1010563","ENSG00000180475","liver","bile duct cells","Low","APE","Uncertain","High","High","High","High"
"1013129","ENSG00000180773","liver","bile duct cells","Low","APE","Uncertain","High","High","High","High"
"1014570","ENSG00000180881","liver","bile duct cells","Low","APE","Uncertain","High","High","High","High"
"1017284","ENSG00000181072","liver","bile duct cells","Low","APE","Uncertain","High","High","High","High"
"1017999","ENSG00000181195","liver","bile duct cells","Low","APE","Supportive","High","High","High","High"
"1020065","ENSG00000181472","liver","bile duct cells","Low","APE","Uncertain","High","High","High","High"
"1024480","ENSG00000181939","liver","bile duct cells","Low","APE","Uncertain","High","High","High","High"
"1024644","ENSG00000181991","liver","bile duct cells","Low","APE","Supportive","High","High","High","High"
"1024809","ENSG00000182013","liver","bile duct cells","Low","APE","Uncertain","High","High","High","High"
"1025509","ENSG00000182093","liver","bile duct cells","Low","APE","Uncertain","High","High","High","High"
"1025985","ENSG00000182118","liver","bile duct cells","Low","APE","Uncertain","High","High","High","High"
"1028440","ENSG00000182256","liver","bile duct cells","Low","APE","Uncertain","High","High","High","High"
"1030192","ENSG00000182368","liver","bile duct cells","Low","APE","Uncertain","High","High","High","High"
"1031607","ENSG00000182512","liver","bile duct cells","Low","APE","Supportive","High","High","High","High"
"1036685","ENSG00000182890","liver","bile duct cells","Low","APE","Uncertain","High","High","High","High"
"1038830","ENSG00000183035","liver","bile duct cells","Low","APE","Uncertain","High","High","High","High"
"1040093","ENSG00000183098","liver","bile duct cells","Low","APE","Uncertain","High","High","High","High"
"1043554","ENSG00000183397","liver","bile duct cells","Low","APE","Uncertain","High","High","High","High"
"1043632","ENSG00000183401","liver","bile duct cells","Low","APE","Uncertain","High","High","High","High"
"1043950","ENSG00000183431","liver","bile duct cells","Low","APE","Supportive","High","High","High","High"
"1045214","ENSG00000183520","liver","bile duct cells","Low","APE","Uncertain","High","High","High","High"
"1045688","ENSG00000183562","liver","bile duct cells","Low","APE","Uncertain","High","High","High","High"
"1050264","ENSG00000183779","liver","bile duct cells","Low","APE","Uncertain","High","High","High","High"
"1052654","ENSG00000183941","liver","bile duct cells","Low","APE","Uncertain","High","High","High","High"
"1055678","ENSG00000184207","liver","bile duct cells","Low","APE","Supportive","High","High","High","High"
"1057508","ENSG00000184321","liver","bile duct cells","Low","APE","Uncertain","High","High","High","High"
"1059807","ENSG00000184470","liver","bile duct cells","Low","APE","Supportive","High","High","High","High"
"1060206","ENSG00000184497","liver","bile duct cells","High","APE","Supportive","Low","Low","Low","Low"
"1063064","ENSG00000184682","liver","bile duct cells","Low","APE","Uncertain","High","High","High","High"
"1063381","ENSG00000184708","liver","bile duct cells","Low","APE","Supportive","High","High","High","High"
"1064088","ENSG00000184787","liver","bile duct cells","Low","APE","Supportive","High","High","High","High"
"1065822","ENSG00000184903","liver","bile duct cells","Low","APE","Uncertain","High","High","High","High"
"1068132","ENSG00000185028","liver","bile duct cells","High","APE","Uncertain","Low","Low","Low","Low"
"1069966","ENSG00000185149","liver","bile duct cells","Low","APE","Uncertain","High","High","High","High"
"1073387","ENSG00000185386","liver","bile duct cells","Low","APE","Uncertain","High","High","High","High"
"1075206","ENSG00000185532","liver","bile duct cells","High","APE","Uncertain","Low","Low","Low","Low"
"1076244","ENSG00000185624","liver","bile duct cells","Low","APE","Supportive","High","High","High","High"
"1076874","ENSG00000185658","liver","bile duct cells","Low","APE","Uncertain","High","High","High","High"
"1077276","ENSG00000185670","liver","bile duct cells","Low","APE","Uncertain","High","High","High","High"
"1078069","ENSG00000185736","liver","bile duct cells","Low","APE","Uncertain","High","High","High","High"
"1082218","ENSG00000185989","liver","bile duct cells","Low","APE","Uncertain","High","High","High","High"
"1083883","ENSG00000186104","liver","bile duct cells","Low","APE","Uncertain","High","High","High","High"
"1087291","ENSG00000186318","liver","bile duct cells","Low","APE","Uncertain","High","High","High","High"
"1088972","ENSG00000186432","liver","bile duct cells","Low","APE","Supportive","High","High","High","High"
"1089775","ENSG00000186468","liver","bile duct cells","Low","APE","Supportive","High","High","High","High"
"1089851","ENSG00000186469","liver","bile duct cells","Low","APE","Uncertain","High","High","High","High"
"1091046","ENSG00000186566","liver","bile duct cells","Low","APE","Uncertain","High","High","High","High"
"1092873","ENSG00000186714","liver","bile duct cells","Low","APE","Uncertain","High","High","High","High"
"1095774","ENSG00000186980","liver","bile duct cells","Low","APE","Uncertain","High","High","High","High"
"1098199","ENSG00000187189","liver","bile duct cells","Low","APE","Uncertain","High","High","High","High"
"1099948","ENSG00000187492","liver","bile duct cells","Low","APE","Uncertain","High","High","High","High"
"1100261","ENSG00000187514","liver","bile duct cells","Low","APE","Uncertain","High","High","High","High"
"1103973","ENSG00000187742","liver","bile duct cells","Low","APE","Uncertain","High","High","High","High"
"1107063","ENSG00000187950","liver","bile duct cells","Low","APE","Uncertain","High","High","High","High"
"1107933","ENSG00000187997","liver","bile duct cells","Low","APE","Uncertain","High","High","High","High"
"1109282","ENSG00000188100","liver","bile duct cells","Low","APE","Uncertain","High","High","High","High"
"1111603","ENSG00000188279","liver","bile duct cells","Low","APE","Uncertain","High","High","High","High"
"1112870","ENSG00000188343","liver","bile duct cells","Low","APE","Uncertain","High","High","High","High"
"1115177","ENSG00000188529","liver","bile duct cells","Low","APE","Uncertain","High","High","High","High"
"1117470","ENSG00000188707","liver","bile duct cells","Low","APE","Supportive","High","High","High","High"
"1119286","ENSG00000188816","liver","bile duct cells","Low","APE","Uncertain","High","High","High","High"
"1120000","ENSG00000188848","liver","bile duct cells","Low","APE","Uncertain","High","High","High","High"
"1120475","ENSG00000188886","liver","bile duct cells","Low","APE","Uncertain","High","High","High","High"
"1121753","ENSG00000188987","liver","bile duct cells","Low","APE","Uncertain","High","High","High","High"
"1121992","ENSG00000188993","liver","bile duct cells","High","APE","Uncertain","Low","Low","Low","Low"
"1122706","ENSG00000189050","liver","bile duct cells","High","APE","Uncertain","Low","Low","Low","Low"
"1123416","ENSG00000189090","liver","bile duct cells","Low","APE","Uncertain","High","High","High","High"
"1123967","ENSG00000189132","liver","bile duct cells","High","APE","Uncertain","Low","Low","Low","Low"
"1126106","ENSG00000189319","liver","bile duct cells","Low","APE","Uncertain","High","High","High","High"
"1127130","ENSG00000189376","liver","bile duct cells","Low","APE","Uncertain","High","High","High","High"
"1129601","ENSG00000196176","liver","bile duct cells","Low","APE","Uncertain","High","High","High","High"
"1131189","ENSG00000196263","liver","bile duct cells","High","APE","Uncertain","Low","Low","Low","Low"
"1136410","ENSG00000196504","liver","bile duct cells","Low","APE","Supportive","High","High","High","High"
"1142935","ENSG00000196865","liver","bile duct cells","Low","APE","Uncertain","High","High","High","High"
"1145793","ENSG00000197050","liver","bile duct cells","Low","APE","Uncertain","High","High","High","High"
"1145951","ENSG00000197057","liver","bile duct cells","Low","APE","Uncertain","High","High","High","High"
"1146030","ENSG00000197061","liver","bile duct cells","Low","APE","Uncertain","High","High","High","High"
"1148727","ENSG00000197238","liver","bile duct cells","Low","APE","Uncertain","High","High","High","High"
"1150631","ENSG00000197353","liver","bile duct cells","Low","APE","Uncertain","High","High","High","High"
"1151265","ENSG00000197381","liver","bile duct cells","Low","APE","Uncertain","High","High","High","High"
"1154538","ENSG00000197563","liver","bile duct cells","Low","APE","Supportive","High","High","High","High"
"1160197","ENSG00000197872","liver","bile duct cells","Low","APE","Uncertain","High","High","High","High"
"1161147","ENSG00000197910","liver","bile duct cells","Low","APE","Uncertain","High","High","High","High"
"1161225","ENSG00000197914","liver","bile duct cells","Low","APE","Uncertain","High","High","High","High"
"1163851","ENSG00000198040","liver","bile duct cells","Low","APE","Uncertain","High","High","High","High"
"1166701","ENSG00000198162","liver","bile duct cells","Low","APE","Supportive","High","High","High","High"
"1167096","ENSG00000198178","liver","bile duct cells","Low","APE","Uncertain","High","High","High","High"
"1169237","ENSG00000198327","liver","bile duct cells","Low","APE","Uncertain","High","High","High","High"
"1169476","ENSG00000198339","liver","bile duct cells","Low","APE","Uncertain","High","High","High","High"
"1170431","ENSG00000198393","liver","bile duct cells","Low","APE","Uncertain","High","High","High","High"
"1171222","ENSG00000198445","liver","bile duct cells","Low","APE","Uncertain","High","High","High","High"
"1172492","ENSG00000198518","liver","bile duct cells","Low","APE","Uncertain","High","High","High","High"
"1173354","ENSG00000198558","liver","bile duct cells","Low","APE","Uncertain","High","High","High","High"
"1176046","ENSG00000198707","liver","bile duct cells","Low","APE","Supportive","High","High","High","High"
"1176765","ENSG00000198727","liver","bile duct cells","Low","APE","Uncertain","High","High","High","High"
"1180902","ENSG00000198841","liver","bile duct cells","Low","APE","Supportive","High","High","High","High"
"1190046","ENSG00000203880","liver","bile duct cells","Low","APE","Uncertain","High","High","High","High"
"1192491","ENSG00000204052","liver","bile duct cells","Low","APE","Uncertain","High","High","High","High"
"1198691","ENSG00000204386","liver","bile duct cells","Low","APE","Uncertain","High","High","High","High"
"1204876","ENSG00000204677","liver","bile duct cells","Low","APE","Uncertain","High","High","High","High"
"1205116","ENSG00000204683","liver","bile duct cells","Low","APE","Uncertain","High","High","High","High"
"1212134","ENSG00000205212","liver","bile duct cells","High","APE","Uncertain","Low","Low","Low","Low"
"1213100","ENSG00000205302","liver","bile duct cells","High","APE","Uncertain","Low","Low","Low","Low"
"1221826","ENSG00000206538","liver","bile duct cells","High","APE","Uncertain","Low","Low","Low","Low"
"1227937","ENSG00000213471","liver","bile duct cells","Low","APE","Uncertain","High","High","High","High"
"1232795","ENSG00000214021","liver","bile duct cells","Low","APE","Uncertain","High","High","High","High"
"1232955","ENSG00000214026","liver","bile duct cells","Low","APE","Uncertain","High","High","High","High"
"1235113","ENSG00000214357","liver","bile duct cells","Low","APE","Uncertain","High","High","High","High"
"1235513","ENSG00000214402","liver","bile duct cells","Low","APE","Uncertain","High","High","High","High"
"1236312","ENSG00000214556","liver","bile duct cells","Low","APE","Uncertain","High","High","High","High"
"1236709","ENSG00000214643","liver","bile duct cells","Low","APE","Uncertain","High","High","High","High"
"1237583","ENSG00000214736","liver","bile duct cells","Low","APE","Uncertain","High","High","High","High"
"1238143","ENSG00000214842","liver","bile duct cells","Low","APE","Uncertain","High","High","High","High"
"1243305","ENSG00000215699","liver","bile duct cells","Low","APE","Uncertain","High","High","High","High"
"1244884","ENSG00000218497","liver","bile duct cells","Low","APE","Uncertain","High","High","High","High"
"1249102","ENSG00000221983","liver","bile duct cells","Low","APE","Supportive","High","High","High","High"
"1249261","ENSG00000221990","liver","bile duct cells","Low","APE","Uncertain","High","High","High","High"
"1251318","ENSG00000223638","liver","bile duct cells","Low","APE","Uncertain","High","High","High","High"
"1254922","ENSG00000226650","liver","bile duct cells","Low","APE","Uncertain","High","High","High","High"
"1259022","ENSG00000229117","liver","bile duct cells","Low","APE","Uncertain","High","High","High","High"
"1259185","ENSG00000229292","liver","bile duct cells","Low","APE","Uncertain","High","High","High","High"
"1261531","ENSG00000231122","liver","bile duct cells","Low","APE","Uncertain","High","High","High","High"
"1270289","ENSG00000236575","liver","bile duct cells","Low","APE","Uncertain","High","High","High","High"
"1279950","ENSG00000242689","liver","bile duct cells","Low","APE","Uncertain","High","High","High","High"
"1282723","ENSG00000243725","liver","bile duct cells","Low","APE","Uncertain","High","High","High","High"
"1285976","ENSG00000247077","liver","bile duct cells","Low","APE","Supportive","High","High","High","High"
"1286296","ENSG00000247746","liver","bile duct cells","Low","APE","Uncertain","High","High","High","High"
"1286374","ENSG00000248098","liver","bile duct cells","Low","APE","Uncertain","High","High","High","High"
"1287488","ENSG00000248905","liver","bile duct cells","High","APE","Uncertain","Low","Low","Low","Low"
"1295199","ENSG00000254692","liver","bile duct cells","Low","APE","Uncertain","High","High","High","High"
"1297979","ENSG00000255730","liver","bile duct cells","Low","APE","Uncertain","High","High","High","High"
"1299881","ENSG00000256500","liver","bile duct cells","Low","APE","Uncertain","High","High","High","High"
"1302582","ENSG00000257950","liver","bile duct cells","High","APE","Uncertain","Low","Low","Low","Low"
"1304980","ENSG00000259305","liver","bile duct cells","Low","APE","Uncertain","High","High","High","High"
"1305137","ENSG00000259332","liver","bile duct cells","Low","APE","Uncertain","High","High","High","High"
"1306790","ENSG00000261147","liver","bile duct cells","Low","APE","Uncertain","High","High","High","High"
"1308522","ENSG00000262633","liver","bile duct cells","Low","APE","Uncertain","High","High","High","High"
"1309149","ENSG00000263203","liver","bile duct cells","High","APE","Uncertain","Low","Low","Low","Low"
"1311927","ENSG00000267508","liver","bile duct cells","Low","APE","Uncertain","High","High","High","High"
"1312164","ENSG00000267561","liver","bile duct cells","Low","APE","Supportive","High","High","High","High"
"1314869","ENSG00000269223","liver","bile duct cells","Low","APE","Uncertain","High","High","High","High"
"1316301","ENSG00000270024","liver","bile duct cells","Low","APE","Uncertain","High","High","High","High"
